feature,n_1,perc_1
motor_system,35,58.33
pyramidal,31,51.67
optic_disc,22,36.67
sensory_system,19,31.67
sensory,18,30
cerebella,17,28.33
visual,17,28.33
coordination,17,28.33
gait,17,28.33
sphincters,9,15
bowel_bladder,9,15
nystagmus,7,11.67
speech,6,10
brain_stem,5,8.33
mobility,4,6.67
mental_state,3,5
swallowing,3,5
mental,2,3.33
ocular_move,2,3.33
