feature,n_1,n_0,n_na,perc_1
motor_system,35,25,0,58.33
pyramidal,31,29,0,51.67
optic_disc,22,38,0,36.67
sensory_system,19,41,0,31.67
sensory,18,42,0,30
cerebella,17,43,0,28.33
coordination,17,43,0,28.33
gait,17,43,0,28.33
visual,17,43,0,28.33
bowel_bladder,9,51,0,15
sphincters,9,51,0,15
nystagmus,7,53,0,11.67
speech,6,54,0,10
brain_stem,5,55,0,8.33
mobility,4,56,0,6.67
mental_state,3,57,0,5
swallowing,3,57,0,5
mental,2,58,0,3.33
ocular_move,2,58,0,3.33
